,PubchemFP3,PubchemFP15,PubchemFP19,PubchemFP23,PubchemFP115,PubchemFP144,PubchemFP145,PubchemFP180,PubchemFP182,PubchemFP193,PubchemFP199,PubchemFP255,PubchemFP299,PubchemFP301,PubchemFP308,PubchemFP338,PubchemFP339,PubchemFP340,PubchemFP345,PubchemFP355,PubchemFP357,PubchemFP365,PubchemFP371,PubchemFP375,PubchemFP390,PubchemFP391,PubchemFP392,PubchemFP405,PubchemFP418,PubchemFP420,PubchemFP431,PubchemFP432,PubchemFP437,PubchemFP485,PubchemFP502,PubchemFP516,PubchemFP535,PubchemFP538,PubchemFP539,PubchemFP553,PubchemFP592,PubchemFP637,PubchemFP641,PubchemFP643,PubchemFP656,PubchemFP777,PubchemFP798,PubchemFP839,PubchemFP860
17,1,1,0,0,1,1,0,0,1,0,0,0,1,0,1,0,1,1,0,0,0,0,0,1,0,0,0,0,0,0,0,0,0,0,0,0,0,0,0,0,1,1,1,1,0,1,0,1,1
66,1,1,0,0,0,1,0,0,1,0,0,0,1,0,1,0,1,1,0,0,0,0,0,0,0,0,0,0,1,0,1,0,0,0,0,0,0,1,1,0,0,1,1,0,0,1,0,1,1
176,1,0,0,1,0,0,0,1,0,1,1,1,0,0,1,0,0,0,1,1,0,1,1,0,1,0,0,0,1,0,0,0,0,0,0,0,0,1,0,0,1,1,0,0,1,1,1,1,1
247,1,1,1,0,0,0,0,1,0,1,1,1,0,1,1,0,1,1,1,1,0,1,1,0,1,0,0,0,1,0,1,0,0,0,1,1,0,1,1,0,1,1,0,0,1,1,1,1,1
31,1,1,0,0,1,1,0,0,1,0,0,0,0,0,1,0,1,1,0,0,0,0,0,1,0,0,0,0,0,0,0,0,0,0,0,0,0,0,0,0,1,1,1,0,0,1,0,1,1
84,0,1,0,0,0,0,1,0,1,0,0,1,0,0,1,0,1,1,1,0,0,1,0,0,0,0,0,0,1,0,0,0,1,1,1,1,0,0,1,0,1,1,1,0,0,1,0,0,0
401,1,1,0,0,0,1,0,0,1,0,0,0,1,0,1,0,1,1,0,0,0,0,0,0,0,0,0,0,1,0,1,0,0,0,0,0,0,1,1,0,0,1,1,0,0,1,0,1,1
353,1,0,1,0,0,1,0,0,1,0,0,0,0,1,1,0,1,1,0,0,0,0,0,0,0,0,0,0,1,0,1,0,0,0,0,0,0,1,1,0,0,1,1,0,0,1,0,1,1
181,1,1,1,0,0,0,1,0,0,1,0,1,0,0,0,0,1,1,1,0,0,1,0,1,1,1,0,1,1,1,0,0,1,1,1,1,0,0,1,0,1,1,0,0,1,1,1,0,0
281,0,0,1,0,0,1,0,0,1,0,0,0,0,1,1,0,1,0,1,0,0,1,0,0,0,0,0,0,1,0,0,0,0,0,0,0,0,0,1,0,0,1,1,0,0,1,0,0,1
94,1,0,0,0,0,1,0,1,0,1,1,1,0,0,1,0,1,0,1,1,0,1,1,0,1,0,0,0,1,0,0,0,0,0,1,1,0,1,1,0,1,1,0,0,1,1,1,1,1
239,0,0,1,0,0,0,0,1,0,1,1,1,0,0,1,0,1,0,1,1,0,1,1,0,1,0,0,0,1,1,0,1,0,0,1,1,1,1,1,0,1,1,0,0,1,1,1,1,1
208,0,0,0,0,1,0,0,1,1,0,1,1,0,0,0,0,0,0,1,1,0,1,1,0,1,0,0,0,1,1,0,1,0,0,1,1,0,1,1,1,1,0,0,0,1,0,0,1,1
391,0,1,1,0,0,1,1,0,1,0,0,1,1,0,1,0,0,1,1,1,1,1,0,1,1,0,1,0,1,1,1,1,1,1,1,0,1,1,1,1,1,1,0,0,0,0,0,1,1
318,0,1,0,0,0,0,1,0,1,0,0,1,1,0,1,0,1,1,1,1,1,1,0,1,1,0,1,0,1,0,1,0,1,1,1,0,0,1,1,0,1,1,1,0,0,1,0,1,1
175,1,1,0,0,0,0,1,0,1,0,0,1,1,0,0,1,0,1,1,0,0,1,0,1,1,1,1,0,1,1,0,0,1,1,1,1,0,0,1,0,1,0,0,1,1,0,0,0,0
104,0,1,0,0,0,0,1,0,1,0,0,1,0,0,1,0,1,1,0,0,0,1,0,1,1,0,0,0,1,0,0,0,1,0,1,0,0,0,0,0,1,1,1,0,0,1,0,0,0
349,1,0,0,0,1,1,0,0,1,0,0,0,1,0,1,1,1,1,1,0,0,1,0,0,1,0,1,0,0,0,0,0,0,0,0,0,0,0,0,0,1,1,1,1,0,1,0,1,1
5,0,1,0,0,0,1,1,0,1,0,0,1,1,0,0,0,0,1,1,1,1,1,0,1,1,0,1,0,1,1,1,1,1,1,1,0,1,1,1,1,1,0,0,0,0,0,0,1,1
45,1,1,0,0,0,1,1,0,1,0,0,1,1,0,1,0,1,1,1,1,1,1,0,1,1,0,1,0,1,0,1,0,1,1,1,0,0,1,1,0,1,1,1,0,0,1,0,1,1
154,0,0,0,0,1,0,0,1,1,0,1,1,0,0,0,0,0,0,1,1,0,1,1,0,1,0,0,0,1,1,0,1,0,0,1,1,1,1,1,1,1,0,0,0,1,0,0,1,1
307,0,0,1,0,0,0,1,0,1,0,0,1,0,1,0,0,0,0,1,1,0,1,1,0,0,0,0,0,1,1,0,1,0,0,1,1,1,1,1,1,1,1,0,0,0,0,0,1,1
395,1,0,0,0,1,1,0,0,1,0,0,0,1,0,1,1,1,1,1,0,0,1,0,0,1,0,1,0,0,0,0,0,0,0,0,0,0,0,0,0,1,1,1,1,0,1,0,1,1
280,1,0,0,0,0,1,0,1,1,0,1,1,0,0,1,0,1,0,1,1,0,1,1,0,1,0,0,0,1,0,0,0,0,0,1,1,0,1,1,0,1,1,1,0,1,1,0,1,1
16,0,0,1,0,0,1,0,0,1,0,0,0,0,1,1,0,0,0,1,0,0,1,0,0,0,0,0,0,1,1,0,1,0,0,0,0,1,1,1,1,0,0,0,0,0,0,0,1,1
414,1,0,1,0,0,1,1,0,1,0,0,1,0,0,1,0,1,1,0,1,1,0,0,0,1,0,0,1,1,1,1,0,1,0,1,0,1,1,1,0,1,1,1,0,1,1,0,1,1
124,0,0,0,0,0,0,0,1,1,0,1,1,0,0,1,0,1,0,1,1,0,1,1,0,1,0,0,0,1,0,0,0,0,0,0,0,0,1,0,0,1,1,1,0,1,1,0,1,1
403,1,1,0,0,0,0,1,0,1,0,0,1,0,0,1,0,1,1,1,1,1,1,1,0,1,0,0,0,1,0,1,0,1,0,1,1,0,1,1,0,1,1,1,0,0,1,0,1,1
3,0,1,0,0,0,0,1,0,1,0,0,1,1,0,0,0,0,1,1,1,1,1,1,0,0,0,0,0,1,1,1,1,1,0,1,1,1,1,1,1,1,0,0,1,0,0,0,1,1
18,0,0,0,0,0,1,0,0,1,0,0,0,0,0,0,0,0,0,0,0,0,0,0,0,0,0,0,0,0,1,0,1,0,0,0,0,1,0,0,1,0,0,0,0,0,0,0,1,1
246,0,1,0,0,0,0,0,1,1,0,1,1,0,0,1,0,1,0,1,1,0,1,1,0,1,0,0,0,1,0,0,0,0,0,1,1,0,1,1,0,1,1,0,0,1,1,1,1,1
60,1,0,1,0,0,1,0,0,1,0,0,0,0,0,1,0,1,0,0,0,0,0,0,0,0,0,0,0,0,1,0,1,0,0,0,0,1,0,0,1,0,1,0,0,0,0,0,1,1
225,0,1,0,0,0,0,0,1,1,0,1,1,1,0,0,0,0,1,1,1,0,1,1,0,1,0,0,0,1,1,0,1,1,0,1,0,1,1,0,1,1,0,0,1,1,0,0,0,0
140,0,0,0,0,0,0,0,1,1,0,1,1,0,0,0,0,0,0,1,1,0,1,1,0,1,0,0,0,1,1,0,1,0,0,1,1,0,1,1,1,1,0,0,0,1,0,0,1,1
63,0,0,1,0,1,1,0,0,1,0,0,0,0,0,0,0,1,0,0,0,0,0,0,0,0,0,0,1,0,1,0,1,0,0,0,0,1,0,0,1,0,1,0,0,0,0,0,1,1
110,1,1,0,0,0,1,1,0,1,0,0,1,0,0,1,1,1,1,1,0,0,1,0,1,1,1,0,0,1,0,0,0,0,1,1,1,0,0,1,0,1,1,1,0,1,1,0,0,1
311,1,0,1,0,0,1,0,0,1,0,0,0,0,0,0,0,1,0,0,0,0,0,0,0,0,0,0,1,0,1,0,1,0,0,0,0,1,0,0,1,0,1,0,0,0,0,0,0,1
218,0,0,1,1,0,0,0,1,0,1,1,1,0,0,1,0,1,0,1,1,0,1,1,0,1,0,0,0,1,0,0,0,0,0,0,0,0,1,0,0,1,1,0,0,1,1,1,1,1
29,0,0,1,0,0,0,0,0,1,0,0,0,0,1,1,0,1,1,0,0,0,0,0,0,0,0,0,0,1,0,1,0,0,0,0,0,0,1,1,0,0,1,1,0,0,1,0,1,1
153,0,0,0,0,0,0,0,1,1,0,1,1,0,0,0,0,0,0,1,1,0,1,1,0,1,0,0,0,1,1,0,1,0,0,1,1,0,1,1,1,1,0,0,0,1,0,0,0,0
131,1,1,0,1,0,0,0,1,1,0,1,1,1,0,0,1,0,1,1,1,0,1,1,0,1,0,1,0,1,1,0,0,0,0,0,0,0,1,0,0,1,0,0,1,1,0,0,1,1
26,1,0,1,0,0,1,0,0,1,0,0,0,0,0,1,0,1,0,0,0,0,0,0,0,0,0,0,0,0,0,0,0,0,0,0,0,0,0,0,0,0,1,1,0,0,1,0,1,1
7,1,1,0,0,0,1,1,0,1,0,0,1,1,0,1,0,1,1,1,1,1,1,1,0,0,0,0,0,1,0,1,0,1,0,1,1,0,1,1,0,1,1,1,1,0,1,0,1,1
407,0,1,0,0,0,1,0,0,1,0,0,0,0,0,0,0,0,0,1,0,0,1,0,1,1,0,0,0,1,1,0,1,0,0,0,0,1,0,1,1,1,0,0,0,0,0,0,1,1
108,0,1,0,0,0,0,1,0,1,0,0,1,0,0,0,0,0,1,1,0,0,1,0,0,1,0,0,0,1,1,0,1,1,1,1,1,1,0,1,1,1,0,0,0,1,0,0,0,0
227,1,0,0,0,0,0,0,1,0,1,1,1,0,0,1,0,0,0,1,1,0,1,1,0,1,0,0,0,1,0,0,0,0,0,1,1,0,1,1,0,1,1,0,0,1,1,1,1,1
418,0,0,1,0,0,1,0,0,1,0,0,0,0,1,1,0,1,0,1,0,0,1,0,0,0,0,0,0,1,0,0,0,0,0,0,0,0,0,1,0,0,1,0,0,0,0,0,0,1
118,0,0,0,0,0,0,0,1,1,0,1,1,0,0,1,0,1,0,1,1,0,1,1,0,1,0,0,0,1,0,0,0,0,0,1,1,0,1,1,0,1,1,1,0,1,1,0,1,1
114,0,0,1,0,0,1,0,0,1,0,0,0,0,1,1,0,0,1,0,0,0,0,0,0,0,0,0,0,1,1,1,1,0,0,0,0,1,1,1,1,0,0,0,0,0,0,0,1,1
168,1,1,0,0,1,0,0,1,0,1,1,1,1,0,0,1,0,1,1,1,0,1,1,0,1,0,1,0,1,1,0,0,0,0,1,1,1,1,1,0,1,0,0,1,1,0,0,1,1
422,1,1,0,0,0,0,1,0,1,0,0,1,0,0,1,0,1,1,1,1,1,1,1,0,1,0,0,0,1,0,1,0,1,0,1,1,0,1,1,0,1,1,1,0,0,1,0,1,1
331,1,1,0,0,0,0,0,1,0,1,1,1,1,0,0,1,0,1,1,1,0,1,1,0,1,0,1,0,1,1,0,0,0,0,1,1,1,1,1,0,1,0,0,1,1,0,0,1,1
341,1,1,0,0,0,0,0,1,1,0,1,1,1,0,0,1,0,1,1,1,0,1,1,0,1,0,1,0,1,1,0,0,0,0,1,1,0,1,1,0,1,0,0,1,1,0,0,0,0
155,0,0,1,1,0,0,0,1,0,1,1,1,0,0,1,0,0,0,1,1,0,1,1,0,1,0,0,0,1,1,0,1,0,0,1,1,1,1,1,0,1,1,0,0,1,1,1,1,1
297,0,1,0,0,0,0,1,0,1,0,0,1,0,0,1,0,1,1,0,0,0,1,0,1,1,0,0,0,1,0,0,0,1,0,1,0,0,0,0,0,1,1,1,0,0,1,0,0,0
399,1,0,0,0,0,0,0,0,1,1,1,1,0,0,1,0,1,0,0,1,0,0,1,0,0,0,0,0,0,0,0,0,0,0,0,1,0,0,0,0,0,1,1,0,0,1,0,1,1
141,0,0,1,1,0,0,0,1,0,1,1,1,0,0,1,0,0,0,1,1,0,1,1,0,1,0,0,0,1,1,0,1,0,0,0,0,1,1,0,0,1,1,0,0,1,1,1,1,1
329,1,1,1,0,0,0,1,0,1,0,0,1,1,0,0,0,1,1,1,1,1,1,0,1,1,0,1,1,1,1,1,0,1,1,1,0,0,1,1,0,1,1,1,0,0,1,0,1,1
398,0,1,0,0,0,0,1,0,1,1,1,1,0,1,1,0,0,1,0,1,1,1,1,1,1,1,0,0,1,0,1,0,1,1,1,1,0,1,1,0,1,0,0,0,1,0,0,0,0
397,0,1,0,0,0,1,0,0,1,0,0,0,1,0,1,0,1,1,0,0,0,0,0,0,0,0,0,0,1,0,1,0,0,0,0,0,0,1,1,0,0,1,1,0,0,1,0,0,1
195,1,1,0,0,0,0,0,1,1,0,1,1,0,0,0,0,0,1,1,1,0,1,1,0,1,1,0,0,1,1,0,1,1,0,1,1,1,1,1,1,1,0,0,0,1,0,0,1,1
109,0,1,0,0,0,1,1,0,1,0,0,1,0,0,1,1,1,1,1,0,0,1,0,1,1,0,0,0,1,0,0,0,0,0,0,0,0,0,0,0,1,1,1,0,0,1,0,0,1
222,0,0,0,1,0,0,0,1,1,0,1,1,0,0,0,0,0,0,1,1,0,1,1,0,1,0,0,0,1,1,0,1,0,0,0,1,1,1,0,1,1,0,0,0,1,0,0,1,1
145,1,1,1,0,0,0,1,0,0,1,0,1,0,0,0,0,1,1,1,0,0,1,0,0,1,0,0,1,1,1,0,0,1,1,1,1,0,0,1,0,1,1,0,0,1,1,1,0,0
378,0,0,0,0,0,1,0,0,1,0,0,0,0,0,1,0,1,0,0,0,0,0,0,0,0,0,0,0,0,0,0,0,0,0,0,0,0,0,0,0,0,1,1,0,0,1,0,1,1
152,1,1,0,0,0,0,0,1,1,0,1,1,1,0,1,0,1,1,1,1,0,1,1,0,1,0,0,0,1,0,0,0,1,0,1,0,0,1,0,0,1,1,1,1,1,1,0,1,1
172,0,0,0,1,0,0,0,1,1,0,1,1,0,0,0,0,0,0,1,1,0,1,1,0,1,0,0,0,1,1,0,1,0,0,1,1,1,1,1,1,1,0,0,0,1,0,0,1,1
262,1,1,0,0,0,0,1,0,1,1,1,1,0,0,1,0,1,1,0,1,1,1,1,1,1,1,0,0,1,0,1,0,1,1,1,1,0,1,1,0,1,1,1,0,1,1,0,0,0
83,0,0,1,0,0,1,0,0,1,0,0,0,0,1,1,0,1,1,0,0,0,0,0,0,0,0,0,0,1,0,1,0,0,0,0,0,0,1,1,0,0,1,1,0,0,1,0,0,1
381,0,1,0,0,0,0,1,0,1,0,0,1,0,0,1,0,1,1,0,0,0,1,0,1,1,0,0,0,1,0,0,0,1,0,1,0,0,0,0,0,1,1,1,0,0,1,0,0,0
180,0,0,0,0,0,0,0,1,1,0,1,1,0,0,0,0,0,0,1,1,0,1,1,0,1,0,0,0,1,1,0,1,0,0,1,1,1,1,1,1,1,0,0,0,1,0,0,0,0
74,0,1,1,0,0,0,1,1,1,1,1,1,0,0,0,0,1,1,1,1,1,1,1,1,1,1,0,1,1,1,1,0,1,1,1,1,1,1,1,1,1,1,1,0,1,1,0,0,0
244,1,0,0,0,0,1,0,0,1,0,0,0,0,0,1,0,1,0,0,0,0,0,0,0,0,0,0,0,0,0,0,0,0,0,0,1,0,0,0,0,0,1,1,0,0,1,0,1,1
368,1,0,1,0,0,1,0,0,1,0,0,0,0,1,1,0,0,1,0,0,0,0,0,0,0,0,0,0,1,1,1,1,0,0,0,0,1,1,1,1,0,0,0,0,0,0,0,1,1
199,0,0,0,1,0,0,0,1,0,1,1,1,0,0,0,0,0,0,1,1,0,1,1,0,1,0,0,0,1,0,0,0,0,0,1,1,0,1,1,0,1,0,0,0,1,0,0,0,0
119,1,0,1,1,0,0,0,1,0,1,1,1,0,0,1,0,1,0,1,1,0,1,1,0,1,0,0,0,1,0,0,0,0,0,1,1,0,1,1,0,1,1,0,0,1,1,1,1,1
248,1,1,0,0,0,0,0,1,0,1,1,1,1,0,1,1,1,1,1,1,0,1,1,0,1,0,1,0,1,0,0,0,0,0,1,1,0,1,1,0,1,1,0,1,1,1,1,1,1
265,1,0,1,0,0,1,0,0,1,0,0,0,0,1,1,0,1,0,1,0,0,1,0,0,0,0,0,0,1,0,0,0,0,0,0,0,0,1,1,0,0,1,1,0,0,1,0,1,1
203,0,1,0,0,0,0,0,1,1,0,1,1,1,0,0,0,0,1,1,1,0,1,1,0,1,0,0,0,1,1,0,1,1,0,1,0,1,1,0,1,1,0,0,1,1,0,0,0,0
316,1,1,1,0,0,0,0,1,0,1,1,1,0,1,1,0,1,1,1,1,0,1,1,0,1,0,0,0,1,0,1,0,0,0,1,1,0,1,1,0,1,1,0,0,1,1,1,1,1
434,1,0,1,0,0,1,0,0,1,0,0,0,0,0,1,1,1,1,1,0,0,1,0,0,1,1,0,0,0,1,0,0,0,0,0,0,0,0,0,0,1,1,1,0,0,1,0,0,1
204,0,0,0,0,0,0,0,1,1,0,1,1,0,0,0,0,0,0,1,1,0,1,1,0,1,0,0,0,1,1,0,1,0,0,1,1,0,1,1,1,1,0,0,0,1,0,0,1,1
209,0,0,0,1,0,0,0,1,1,0,1,1,0,0,0,0,0,0,1,1,0,1,1,0,1,0,0,0,1,1,0,1,0,0,0,0,1,1,0,1,1,0,0,0,1,0,0,1,1
426,1,0,1,0,0,1,0,0,1,0,0,0,0,0,1,1,1,1,1,0,0,1,0,0,1,1,0,0,0,1,0,0,0,0,0,0,0,0,0,0,1,1,1,0,0,1,0,0,1
234,0,1,1,1,0,0,0,1,0,1,1,1,1,0,1,0,0,0,1,1,0,1,1,0,1,0,1,0,1,1,0,0,0,0,0,1,1,1,0,1,1,0,0,0,1,0,0,1,1
36,1,0,1,0,1,1,0,0,1,0,0,0,1,0,1,1,1,1,1,0,0,1,0,0,1,0,1,0,0,0,0,0,0,0,0,0,0,0,0,0,1,1,1,1,0,1,0,1,1
139,0,0,0,0,0,0,0,1,1,0,1,1,0,0,0,0,0,0,1,1,0,1,1,0,1,0,0,0,1,1,0,1,0,0,1,1,1,1,1,1,1,0,0,0,1,0,0,0,0
389,0,0,0,0,0,1,0,0,1,0,0,0,0,0,1,0,1,0,0,0,0,0,0,0,0,0,0,0,0,0,0,0,0,0,0,0,0,0,0,0,0,1,1,0,0,1,0,1,1
193,0,0,0,1,0,0,0,1,1,0,1,1,0,0,0,0,0,0,1,1,0,1,1,0,1,0,0,0,1,1,0,1,0,0,0,0,1,1,0,1,1,0,0,0,1,0,0,0,0
352,1,0,1,0,0,1,0,0,1,0,0,0,0,1,1,0,0,0,1,0,0,1,0,0,0,0,0,0,1,1,0,1,0,0,0,0,1,1,1,1,0,0,0,0,0,0,0,1,1
417,1,1,0,0,0,1,1,0,1,0,0,1,1,0,1,0,1,1,1,1,1,1,1,0,0,0,0,0,1,0,1,0,1,0,1,1,0,1,1,0,1,1,1,1,0,1,0,1,1
59,0,0,1,0,0,1,0,0,1,0,0,0,0,0,1,0,1,0,0,0,0,0,0,0,0,0,0,0,0,1,0,1,0,0,0,0,1,0,0,0,0,1,1,0,0,1,0,1,1
111,0,1,0,0,0,1,0,0,1,0,0,0,1,0,1,0,1,1,0,0,0,0,0,0,0,0,0,0,1,0,1,0,0,0,0,0,0,1,1,0,0,1,1,0,0,1,0,0,1
310,0,0,1,0,0,1,0,0,1,0,0,0,0,1,1,0,1,0,1,0,0,1,0,0,0,0,0,0,1,0,0,0,0,0,0,0,0,0,1,0,0,1,1,0,0,1,0,0,1
249,0,1,1,0,0,0,0,1,1,0,1,1,0,1,1,0,1,1,1,1,0,1,1,0,1,0,0,0,1,0,0,0,1,0,1,1,0,1,1,0,1,1,1,0,1,1,0,1,1
6,1,1,0,0,0,0,1,0,1,1,1,1,0,0,1,0,1,1,1,1,1,1,1,0,1,0,0,0,1,0,1,0,1,0,1,1,0,1,1,0,1,1,1,0,1,1,0,1,1
322,0,1,0,0,0,0,1,0,1,0,0,1,0,0,0,0,0,1,0,0,0,1,0,1,1,0,0,0,1,1,0,1,1,0,1,0,1,0,0,1,1,0,0,0,0,0,0,0,0
428,0,0,0,0,0,0,0,1,1,0,1,1,0,0,0,0,0,0,1,1,0,1,1,0,1,0,0,0,1,1,0,1,0,0,1,1,1,1,1,1,1,0,0,0,1,0,0,0,0
158,0,1,0,0,0,0,0,1,1,0,1,1,0,0,0,0,0,1,1,1,1,1,0,0,1,0,0,0,1,1,1,1,1,1,1,1,1,1,1,1,1,0,0,0,1,0,0,1,1
150,1,0,0,0,1,0,0,1,0,1,1,1,0,0,1,0,1,0,1,1,0,1,1,0,1,0,0,0,1,0,0,0,0,0,1,1,0,1,1,0,1,1,0,0,1,1,1,1,1
177,1,0,0,0,0,0,0,1,0,1,1,1,0,0,1,0,1,0,1,1,0,1,1,0,1,0,0,0,1,0,0,0,0,0,0,0,0,1,0,0,1,1,0,0,1,1,1,1,1
184,1,1,0,0,0,0,0,1,1,0,1,1,1,0,0,1,0,1,1,1,0,1,1,0,1,0,1,0,1,1,0,0,0,0,1,1,0,1,1,0,1,0,0,1,1,0,0,0,0
10,0,0,1,0,0,0,0,0,1,0,0,0,0,1,1,0,1,1,0,0,0,0,0,0,0,0,0,0,1,0,1,0,0,0,0,0,0,1,1,0,0,1,1,0,0,1,0,1,1
404,0,1,1,0,0,1,0,0,1,0,0,0,1,0,1,0,1,1,0,0,0,0,0,1,0,0,0,0,1,0,1,0,0,0,0,0,0,1,1,0,0,1,1,0,0,1,0,0,1
103,0,0,1,0,0,1,0,0,1,0,0,0,0,1,1,0,1,0,1,0,0,1,0,0,0,0,0,0,1,0,0,0,0,0,0,0,0,0,1,0,0,1,1,0,0,1,0,0,1
81,1,0,1,0,0,0,0,1,1,0,1,1,0,0,0,0,1,0,1,1,0,1,1,0,1,0,0,1,1,1,0,0,0,0,1,1,0,1,1,0,1,1,1,0,1,1,0,1,1
38,0,0,1,0,0,0,0,0,1,0,0,0,0,1,1,0,0,1,0,0,0,0,0,0,0,0,0,0,1,1,1,1,0,0,0,0,1,1,1,1,0,0,0,0,0,0,0,0,0
354,1,0,0,0,0,1,0,0,1,0,0,0,0,0,1,0,1,0,0,0,0,0,0,0,0,0,0,0,0,0,0,0,0,0,0,1,0,0,0,0,0,1,1,0,0,1,0,1,1
167,0,0,0,0,1,0,0,1,1,0,1,1,0,0,0,0,0,0,1,1,0,1,1,0,1,0,0,0,1,1,0,1,0,0,1,1,1,1,1,1,1,0,0,0,1,0,0,0,0
420,1,1,0,0,1,0,0,1,1,0,1,1,0,1,1,0,0,1,1,1,0,1,1,0,1,0,0,0,1,0,1,0,0,0,1,1,0,1,1,0,1,0,0,0,1,0,0,1,1
374,1,0,1,0,1,1,0,0,1,0,0,0,1,0,1,1,1,1,1,0,0,1,0,0,1,0,1,0,0,0,0,0,0,0,0,0,0,0,0,0,1,1,1,1,0,1,0,1,1
198,0,1,0,0,1,0,0,1,1,0,1,1,1,0,0,1,0,1,1,1,0,1,1,0,1,0,1,0,1,1,0,0,0,0,1,1,1,1,1,0,1,0,0,1,1,0,0,1,1
383,0,1,1,1,0,0,0,1,0,1,1,1,1,0,1,0,0,0,1,1,0,1,1,0,1,0,1,0,1,1,0,0,0,0,0,1,1,1,0,1,1,0,0,0,1,0,0,1,1
210,1,1,0,0,0,0,0,1,1,0,1,1,0,1,1,0,0,1,1,1,0,1,1,0,1,0,0,0,1,0,1,0,0,0,1,1,0,1,1,0,1,0,0,0,1,0,0,1,1
301,1,0,0,0,0,1,0,1,0,1,1,1,0,0,1,0,1,0,1,1,0,1,1,0,1,0,0,0,1,0,0,0,0,0,1,1,0,1,1,0,1,1,0,0,1,1,1,1,1
194,0,0,0,0,0,0,0,1,1,0,1,1,0,0,0,0,0,0,1,1,0,1,1,0,1,0,0,0,1,1,0,1,0,0,1,1,0,1,1,1,1,0,0,0,1,0,0,0,0
89,0,1,0,0,0,0,1,0,1,0,0,1,0,0,0,0,0,1,1,0,0,1,0,1,1,1,0,0,1,1,0,1,1,1,1,1,1,0,1,1,1,0,0,0,1,0,0,0,0
291,1,1,0,0,0,0,0,1,0,1,1,1,1,0,0,1,0,1,1,1,0,1,1,0,1,0,1,0,1,1,0,0,0,0,1,1,1,1,1,0,1,0,0,1,1,0,0,1,1
163,1,0,0,0,0,0,0,1,0,1,1,1,0,0,0,0,0,0,1,1,0,1,1,0,1,0,0,0,1,1,0,1,0,0,0,0,1,1,0,0,1,0,0,0,1,0,0,1,1
324,0,1,0,0,0,0,1,0,1,0,0,1,0,0,1,0,1,1,0,0,0,1,0,1,1,0,0,0,1,0,0,0,1,0,1,0,0,0,0,0,1,1,1,0,0,1,0,0,0
147,1,1,0,0,1,0,0,1,1,0,1,1,0,1,1,0,0,1,1,1,0,1,1,0,1,0,0,0,1,0,1,0,0,0,1,1,0,1,1,0,1,0,0,0,1,0,0,1,1
2,0,1,0,0,0,1,0,0,1,0,0,0,0,0,0,0,0,0,1,0,0,1,0,1,1,0,0,0,1,1,0,1,0,0,0,0,1,0,1,1,1,0,0,0,0,0,0,1,1
92,0,1,0,0,0,0,1,0,1,0,0,1,0,0,1,0,1,1,0,0,0,1,0,1,1,0,0,0,1,0,0,0,1,0,1,0,0,0,0,0,1,1,1,0,0,1,0,0,0
358,1,0,1,0,1,1,0,0,1,0,0,0,1,0,1,1,1,1,1,0,0,1,0,0,1,0,1,0,0,0,0,0,0,0,0,0,0,0,0,0,1,1,1,1,0,1,0,1,1
69,0,0,0,0,1,1,0,0,1,0,0,0,1,0,0,1,0,1,1,0,0,1,0,0,1,0,1,0,0,1,0,1,0,0,0,0,1,0,0,0,1,0,0,1,0,0,0,1,1
253,1,0,1,0,0,1,0,0,1,0,0,0,0,1,1,0,1,0,1,0,0,1,0,0,0,0,0,0,1,0,0,0,0,0,0,0,0,1,1,0,0,1,1,0,0,1,0,1,1
123,0,1,0,0,0,0,0,1,1,0,1,1,0,1,0,0,0,1,1,1,0,1,1,0,1,0,0,0,1,0,1,0,0,0,1,1,0,1,1,0,1,0,0,0,1,0,0,0,0
436,0,0,0,0,1,0,0,0,1,0,0,0,1,0,1,1,1,1,1,0,0,1,0,0,1,0,1,0,0,0,0,0,0,0,0,0,0,0,0,0,1,1,1,1,0,1,0,1,1
96,1,0,0,0,0,1,0,1,1,0,1,1,0,0,1,0,1,0,1,1,0,1,1,0,1,0,0,0,1,0,0,0,0,0,1,1,0,1,1,0,1,1,1,0,1,1,0,1,1
143,1,1,0,0,0,0,1,0,1,0,0,1,1,0,0,1,0,1,1,0,0,1,0,1,1,1,1,0,1,1,0,0,1,1,1,1,1,0,1,0,1,0,0,1,1,0,0,0,0
386,0,1,1,0,0,0,1,0,1,1,1,1,0,0,0,0,1,1,1,1,1,1,1,1,1,1,0,1,1,1,1,0,1,1,1,1,0,1,1,0,1,1,1,0,1,1,0,0,0
320,1,1,1,0,0,0,1,0,1,0,0,1,1,0,0,0,1,1,1,1,1,1,0,1,1,0,1,1,1,1,1,0,1,1,1,0,0,1,1,0,1,1,1,0,0,1,0,1,1
416,0,0,1,0,0,1,0,0,1,0,0,0,0,0,0,0,1,0,0,0,0,0,0,0,0,0,0,1,0,1,0,1,0,0,0,1,0,0,0,1,0,1,0,0,0,0,0,0,1
97,0,1,1,0,0,1,1,0,1,0,0,1,1,0,1,0,0,1,1,1,1,1,0,1,1,0,1,0,1,1,1,1,1,1,1,0,1,1,1,1,1,1,0,0,0,0,0,1,1
274,1,0,0,0,0,0,0,1,0,1,1,1,0,0,1,0,1,0,1,1,0,1,1,0,1,0,0,0,1,0,0,0,0,0,1,1,0,1,1,0,1,1,0,0,1,1,1,1,1
68,1,0,1,0,1,1,0,0,1,0,0,0,1,0,1,1,1,1,1,0,0,1,0,0,1,0,1,0,0,0,0,0,0,0,0,0,0,0,0,0,1,1,1,1,0,1,0,1,1
23,0,0,1,0,0,1,0,0,1,0,0,0,0,0,0,1,0,1,1,0,0,1,0,0,1,1,0,0,0,1,0,1,0,0,0,0,1,0,0,1,1,0,0,0,0,0,0,0,1
37,0,0,0,0,1,0,0,0,1,0,0,0,1,0,1,1,1,1,1,0,0,1,0,0,1,0,1,0,0,0,0,0,0,0,0,0,0,0,0,0,1,1,1,1,0,1,0,1,1
144,0,0,0,0,0,0,0,1,1,0,1,1,0,0,1,0,1,0,1,1,0,1,1,0,1,0,0,0,1,0,0,0,0,0,1,1,0,1,1,0,1,1,1,0,1,1,0,0,0
122,1,1,1,0,0,0,1,0,1,0,0,1,1,0,0,1,0,1,1,0,0,1,0,1,1,1,1,1,1,1,0,0,1,1,1,1,0,0,1,0,1,0,0,1,1,0,0,0,0
255,0,1,1,0,0,0,1,0,0,1,1,1,0,0,0,0,0,1,0,1,1,1,1,1,1,1,0,1,1,1,1,0,1,1,1,1,1,1,1,1,1,1,1,0,1,0,0,0,0
202,0,0,0,1,0,0,0,1,0,1,1,1,0,0,0,0,0,0,1,1,0,1,1,0,1,0,0,0,1,0,0,0,0,0,1,1,0,1,1,0,1,0,0,0,1,0,0,1,1
182,0,0,0,1,0,0,0,1,1,0,1,1,0,0,0,0,0,0,1,1,0,1,1,0,1,0,0,0,1,1,0,1,0,0,0,0,1,1,0,1,1,0,0,0,1,0,0,1,1
67,1,0,0,0,1,1,0,0,1,0,0,0,1,0,1,1,1,1,1,0,0,1,0,0,1,0,1,0,0,0,0,0,0,0,0,0,0,0,0,0,1,1,1,1,0,1,0,1,1
299,0,1,0,0,0,0,0,1,1,0,1,1,0,0,1,0,1,0,1,1,0,1,1,0,1,0,0,0,1,0,0,0,0,0,1,1,0,1,1,0,1,1,1,0,1,1,0,1,1
271,0,0,1,0,0,0,1,0,1,0,0,1,0,1,0,0,0,0,1,1,0,1,1,0,0,0,0,0,1,1,0,1,0,0,1,1,1,1,1,1,1,1,0,0,0,0,0,1,1
390,1,0,1,0,0,0,0,0,1,0,0,0,0,0,0,0,1,0,0,0,0,0,0,0,0,0,0,1,0,1,0,1,0,0,0,0,1,0,0,1,0,1,1,0,0,1,0,1,1
419,1,0,0,0,1,1,0,0,1,0,0,0,1,0,1,1,1,1,1,0,0,1,0,0,1,0,1,0,0,0,0,0,0,0,0,0,0,0,0,0,1,1,1,1,0,1,0,1,1
266,0,1,1,0,0,1,0,0,1,0,0,0,1,0,1,0,1,1,0,0,0,0,0,1,0,0,0,0,1,0,1,0,0,0,0,0,0,1,1,0,0,1,1,0,0,1,0,0,1
355,1,0,1,0,0,1,0,0,1,0,0,0,0,1,1,0,1,1,0,0,0,0,0,0,0,0,0,0,1,0,1,0,0,0,0,0,0,1,1,0,0,1,1,0,0,1,0,1,1
250,0,0,1,0,1,0,0,1,0,1,1,1,0,0,1,0,1,0,1,1,0,1,1,0,1,0,0,1,1,0,0,0,0,0,1,1,0,1,1,0,1,1,0,0,1,1,1,1,1
125,0,0,0,0,0,0,0,1,1,0,1,1,0,0,0,0,0,0,1,1,0,1,1,0,1,0,0,0,1,1,0,1,0,0,1,1,1,1,1,1,1,0,0,0,1,0,0,0,0
146,0,0,0,1,0,0,0,1,1,0,1,1,0,0,0,0,0,0,1,1,0,1,1,0,1,0,0,0,1,1,0,1,0,0,0,0,1,1,0,1,1,0,0,0,1,0,0,0,0
342,1,1,0,0,0,1,1,0,1,0,0,1,1,0,1,0,1,1,1,1,1,1,0,1,1,0,1,0,1,0,1,0,1,1,1,0,0,1,1,0,1,1,1,0,0,1,0,1,1
268,0,1,0,0,0,0,1,0,1,0,0,1,0,0,0,0,0,1,1,0,0,1,0,0,1,0,0,0,1,1,0,1,1,1,1,1,1,0,1,1,1,0,0,0,1,0,0,0,0
223,0,0,0,1,0,0,0,1,1,0,1,1,0,0,1,0,1,0,1,1,0,1,1,0,1,0,0,0,1,0,0,0,0,0,0,0,0,1,0,0,1,1,1,0,1,1,0,1,1
228,0,0,1,0,0,0,0,1,1,0,1,1,0,0,1,0,1,0,1,1,0,1,1,0,1,0,0,1,1,0,0,0,0,0,0,0,0,1,0,0,1,1,1,0,1,1,0,0,0
86,1,0,0,0,1,1,0,0,1,0,0,0,0,0,1,0,1,0,0,0,0,0,0,0,0,0,0,0,0,0,0,0,0,0,0,0,0,0,0,0,0,1,1,0,0,1,0,1,1
376,1,1,0,0,0,0,1,1,1,1,1,1,0,0,0,0,1,1,1,1,1,1,1,1,1,1,0,1,1,0,1,0,1,1,1,1,0,1,1,0,1,1,1,0,1,1,0,0,0
219,0,0,0,1,1,0,0,1,1,0,1,1,0,0,0,0,0,0,1,1,0,1,1,0,1,0,0,0,1,1,0,1,0,0,0,0,1,1,0,1,1,0,0,0,1,0,0,0,0
129,0,0,0,0,0,0,0,1,1,0,1,1,0,0,1,0,1,0,1,1,0,1,1,0,1,0,0,0,1,0,0,0,0,0,1,1,0,1,1,0,1,1,1,0,1,1,0,0,0
377,1,0,0,0,0,1,0,0,1,0,0,0,1,0,1,1,1,1,1,0,0,1,0,0,0,0,0,0,0,0,0,0,0,0,0,0,0,0,0,0,1,1,1,1,0,1,0,1,1
393,0,0,0,1,0,0,0,1,1,0,1,1,0,0,0,0,0,0,1,1,0,1,1,0,1,0,0,1,1,0,0,0,0,0,1,1,0,1,1,0,1,1,1,0,1,1,0,1,1
323,0,1,0,0,0,1,1,0,1,0,0,1,1,0,0,0,0,1,1,1,1,1,0,1,1,0,1,0,1,1,1,1,1,1,1,0,1,1,1,1,1,0,0,0,0,0,0,1,1
338,1,0,0,0,0,1,0,1,1,0,1,1,0,0,1,0,1,0,1,1,0,1,1,0,1,0,0,0,1,0,0,0,0,0,1,1,0,1,1,0,1,1,1,0,1,1,0,1,1
183,0,0,0,1,0,0,0,1,1,0,1,1,0,0,0,0,0,0,1,1,0,1,1,0,1,0,0,0,1,0,0,0,0,0,0,0,0,1,0,0,1,0,0,0,1,0,0,1,1
272,0,1,0,0,0,0,1,0,1,1,1,1,0,0,1,0,1,1,0,1,1,0,1,0,1,0,0,0,1,0,1,0,1,1,1,1,0,1,1,0,1,1,1,0,1,1,0,0,0
317,0,1,0,0,0,0,1,0,1,0,0,1,0,0,0,0,0,1,0,0,0,1,0,1,1,0,0,0,1,1,0,1,1,0,1,0,1,0,0,1,1,0,0,0,0,0,0,0,0
335,0,0,1,0,0,0,0,0,1,0,0,0,0,1,1,0,1,1,0,0,0,0,0,0,0,0,0,0,1,0,1,0,0,0,0,0,0,1,1,0,0,1,1,0,0,1,0,1,1
365,1,0,0,0,0,1,0,0,1,0,0,0,0,0,1,0,1,0,0,0,0,0,0,0,0,0,0,0,0,0,0,0,0,0,0,1,0,0,0,0,0,1,1,0,0,1,0,1,1
112,1,0,0,0,1,1,0,0,1,0,0,0,1,0,1,1,1,1,1,0,0,1,0,0,1,0,1,0,0,0,0,0,0,0,0,0,0,0,0,0,1,1,1,1,0,1,0,1,1
179,0,1,0,0,0,0,1,0,1,0,0,1,0,0,1,0,1,1,1,0,0,1,0,1,1,1,0,0,1,0,0,0,1,1,1,1,0,0,1,0,1,1,1,0,1,1,0,0,0
396,1,0,1,0,1,1,0,0,1,0,0,0,1,0,1,1,1,1,1,0,0,1,0,0,1,0,1,0,0,0,0,0,0,0,0,0,0,0,0,0,1,1,1,1,0,1,0,1,1
302,0,0,0,1,0,0,0,1,1,0,1,1,0,0,1,0,1,0,1,1,0,1,1,0,1,0,0,0,1,0,0,0,0,0,0,0,0,1,0,0,1,1,1,0,1,1,0,0,0
424,0,0,0,0,0,0,0,1,1,0,1,1,0,0,1,0,1,0,1,1,0,1,1,0,1,0,0,0,1,0,0,0,0,0,1,1,0,1,1,0,1,1,0,0,1,1,1,1,1
431,0,0,1,0,1,0,0,1,0,1,1,1,0,0,1,0,1,0,1,1,0,1,1,0,1,0,0,1,1,0,0,0,0,0,1,1,0,1,1,0,1,1,0,0,1,1,1,1,1
321,0,1,0,0,0,0,1,0,1,0,0,1,1,0,1,0,1,1,1,1,1,1,1,0,0,0,0,0,1,0,1,0,1,0,1,1,0,1,1,0,1,1,1,1,0,1,0,1,1
233,0,1,1,1,0,0,0,1,0,1,1,1,1,0,1,0,0,0,1,1,0,1,1,0,1,0,1,0,1,1,0,0,0,0,0,1,1,1,0,1,1,0,0,0,1,0,0,1,1
421,0,0,1,0,1,1,0,0,1,0,0,0,0,0,0,0,1,0,0,0,0,0,0,0,0,0,0,1,0,1,0,1,0,0,0,0,1,0,0,1,0,1,0,0,0,0,0,1,1
164,0,0,0,0,0,0,0,1,1,0,1,1,0,0,1,0,1,0,1,1,0,1,1,0,1,0,0,0,1,0,0,0,0,0,1,1,0,1,1,0,1,1,1,0,1,1,0,0,0
136,1,1,0,0,0,0,0,1,1,0,1,1,1,0,0,1,0,1,1,1,0,1,1,0,1,0,1,0,1,1,0,0,0,0,1,1,0,1,1,0,1,0,0,1,1,0,0,1,1
197,0,1,0,0,0,0,0,1,1,0,1,1,0,0,0,0,0,0,1,1,0,1,0,1,1,0,0,0,1,1,0,1,0,0,0,0,1,1,0,1,1,0,0,0,0,0,0,0,0
258,1,1,0,0,0,0,1,0,1,1,1,1,0,0,0,1,0,1,1,1,1,1,1,1,1,1,0,0,1,0,1,0,1,1,1,1,0,1,1,0,1,0,0,0,1,0,0,0,0
232,0,1,1,1,0,0,0,1,0,1,1,1,0,0,1,0,0,0,1,1,0,1,1,0,1,1,0,0,1,1,0,0,0,0,0,1,1,1,0,1,1,0,0,0,1,0,0,1,1
115,0,0,1,0,0,1,0,0,1,0,0,0,0,1,1,0,1,1,0,0,0,0,0,0,0,0,0,0,1,0,1,0,0,0,0,0,0,1,1,0,0,1,1,0,0,1,0,0,1
120,0,0,0,0,0,0,0,1,1,0,1,1,0,0,0,0,0,0,1,1,0,1,1,0,1,0,0,0,1,1,0,1,0,0,1,1,1,1,1,1,1,0,0,0,1,0,0,0,0
224,0,0,0,1,0,0,0,1,1,0,1,1,0,0,1,0,1,0,1,1,0,1,1,0,1,0,0,0,1,0,0,0,0,0,0,0,0,1,0,0,1,1,1,0,1,1,0,1,1
361,1,0,0,0,0,1,0,0,1,0,0,0,0,0,1,0,1,0,0,0,0,0,0,0,0,0,0,0,0,0,0,0,0,0,0,1,0,0,0,0,0,1,1,0,0,1,0,1,1
347,0,0,0,0,0,0,0,1,1,0,1,1,0,0,1,0,1,1,1,1,1,1,1,0,1,0,0,0,1,0,1,0,1,0,1,1,0,1,1,0,1,1,1,0,1,1,0,1,1
127,0,1,0,1,0,0,1,0,0,1,0,1,0,0,0,0,0,1,1,0,0,1,0,1,1,1,0,0,1,0,0,0,1,1,1,1,0,0,1,0,1,0,0,0,1,0,0,0,0
370,1,0,1,0,1,1,0,0,1,0,0,0,1,0,1,1,1,1,1,0,0,1,0,0,1,0,1,0,0,0,0,0,0,0,0,0,0,0,0,0,1,1,1,1,0,1,0,1,1
107,0,1,0,0,0,0,1,0,1,0,0,1,0,0,0,0,0,1,1,0,0,1,0,1,1,1,0,0,1,1,0,1,1,1,1,1,1,0,1,1,1,0,0,0,1,0,0,0,0
332,0,1,0,0,0,0,1,0,1,0,0,1,0,0,0,0,0,1,1,0,0,1,0,0,1,0,0,0,1,1,0,1,1,1,1,1,1,0,1,1,1,0,0,0,1,0,0,0,0
289,0,1,0,0,0,0,1,0,1,0,0,1,1,0,1,0,1,0,1,0,0,1,0,1,1,0,1,0,1,0,0,0,0,1,1,1,0,1,1,0,1,1,1,1,1,1,0,1,1
133,0,0,0,0,0,0,0,1,1,0,1,1,0,0,0,0,0,0,1,1,0,1,1,0,1,0,0,0,1,1,0,1,0,0,1,1,1,1,1,1,1,0,0,0,1,0,0,1,1
325,1,1,0,0,0,1,1,0,1,0,0,1,0,0,1,1,1,1,1,0,0,1,0,1,1,1,0,0,1,0,0,0,0,1,1,1,0,0,1,0,1,1,1,0,1,1,0,0,1
44,0,1,0,0,0,0,1,0,1,0,0,1,1,0,1,0,1,1,1,1,1,1,1,0,0,0,0,0,1,0,1,0,1,0,1,1,0,1,1,0,1,1,1,1,0,1,0,1,1
412,1,0,0,0,1,1,0,0,1,0,0,0,1,0,1,1,1,1,1,0,0,1,0,0,1,0,1,0,0,0,0,0,0,0,0,0,0,0,0,0,1,1,1,1,0,1,0,1,1
65,1,0,1,0,0,1,0,0,1,0,0,0,0,1,1,0,0,0,1,0,0,1,0,0,0,0,0,0,1,1,0,1,0,0,0,0,1,1,1,1,0,0,0,0,0,0,0,1,1
283,0,0,0,0,0,0,0,1,1,0,1,1,0,0,1,0,1,1,1,1,1,1,1,0,1,0,0,0,1,0,1,0,1,0,1,1,0,1,1,0,1,1,1,0,1,1,0,1,1
85,0,1,0,0,0,0,1,0,1,0,0,1,0,0,0,0,0,1,0,0,0,1,0,1,1,0,0,0,1,1,0,1,1,0,1,0,1,0,0,1,1,0,0,0,0,0,0,0,0
242,1,0,1,0,0,0,0,1,0,1,1,1,0,0,1,0,1,0,1,1,0,1,1,0,1,0,0,0,1,0,0,0,0,0,1,1,0,1,1,0,1,1,0,0,1,1,1,1,1
186,0,1,0,0,1,0,0,1,1,0,1,1,0,1,1,0,0,1,1,1,0,1,1,0,1,0,0,0,1,0,1,0,0,0,1,1,0,1,1,0,1,0,0,0,1,0,0,1,1
159,1,0,0,0,0,1,0,1,1,0,1,1,0,0,0,0,0,0,1,1,0,1,1,0,1,0,0,0,1,1,0,1,0,0,1,1,1,1,1,1,1,0,0,0,1,0,0,1,1
12,0,0,1,0,0,0,0,0,1,0,0,0,0,1,1,0,0,1,0,0,0,0,0,0,0,0,0,0,1,1,1,1,0,0,0,0,1,1,1,1,0,0,0,0,0,0,0,0,0
35,0,0,0,0,1,1,0,0,1,0,0,0,1,0,0,1,0,1,1,0,0,1,0,0,1,0,1,0,0,1,0,1,0,0,0,0,1,0,0,0,1,0,0,1,0,0,0,1,1
28,1,1,0,0,0,0,0,0,1,0,0,0,0,0,1,0,1,1,0,0,0,1,0,0,1,0,0,0,1,0,1,0,0,0,0,0,0,1,1,0,0,1,1,0,0,1,0,1,1
170,0,0,0,1,0,0,0,1,1,0,1,1,0,0,1,0,1,0,1,1,0,1,1,0,1,0,0,0,1,0,0,0,0,0,0,0,0,1,0,0,1,1,1,0,1,1,0,0,0
142,1,0,0,0,1,0,0,1,0,1,1,1,0,0,1,0,1,0,1,1,0,1,1,0,1,0,0,0,1,0,0,0,0,0,1,1,0,1,1,0,1,1,0,0,1,1,1,1,1
357,0,1,0,0,0,0,0,1,1,0,1,1,0,0,1,0,1,1,1,1,1,1,0,0,1,0,0,0,1,0,1,0,1,1,1,1,0,1,1,0,1,1,1,0,1,1,0,1,1
305,0,1,0,0,0,0,1,0,1,0,0,1,0,0,1,0,1,1,1,0,0,1,0,0,1,0,0,0,1,0,0,0,1,1,1,1,0,0,1,0,1,1,1,0,1,1,0,0,0
221,0,0,0,0,0,0,0,1,1,0,1,1,0,0,1,0,1,0,1,1,0,1,1,0,1,0,0,0,1,0,0,0,0,0,1,1,0,1,1,0,1,1,0,0,1,0,0,0,0
95,1,0,0,0,0,1,0,1,0,1,1,1,0,0,1,0,1,0,1,1,0,1,1,0,1,0,0,0,1,0,0,0,0,0,1,1,0,1,1,0,1,1,0,0,1,1,1,1,1
51,1,1,1,0,0,1,1,0,1,0,0,1,1,0,0,0,1,1,1,1,1,1,0,1,1,0,1,1,1,1,1,0,1,1,1,0,0,1,1,0,1,1,1,0,0,1,0,1,1
240,0,1,0,0,0,0,0,1,1,0,1,1,0,0,1,0,1,0,1,1,0,1,1,0,1,0,0,0,1,0,0,0,0,0,1,1,0,1,1,0,1,1,1,0,1,1,0,1,1
334,0,1,0,0,0,1,1,0,1,0,0,1,1,0,0,0,0,1,1,1,1,1,0,1,1,0,1,0,1,1,1,1,1,1,1,0,1,1,1,1,1,0,0,0,0,0,0,1,1
340,0,1,0,0,0,0,1,0,1,0,0,1,0,0,0,0,0,1,0,0,0,1,0,1,1,0,0,0,1,1,0,1,1,0,1,0,1,0,0,1,1,0,0,0,0,0,0,0,0
178,0,0,1,1,0,0,0,1,1,0,1,1,0,0,0,0,0,0,1,1,0,1,1,0,1,0,0,0,1,1,0,1,0,0,0,0,1,1,0,1,1,0,0,0,1,0,0,1,1
41,1,0,0,0,0,1,0,0,1,0,0,0,1,0,1,1,1,1,1,0,0,1,0,0,0,0,0,0,0,0,0,0,0,0,0,0,0,0,0,0,1,1,1,1,0,1,0,1,1
445,1,0,1,0,0,1,0,0,1,0,0,0,0,0,0,0,0,0,0,0,0,0,0,0,0,0,0,1,0,1,0,1,0,0,0,0,1,0,0,1,0,1,0,0,0,0,0,1,1
206,0,1,0,1,0,0,0,1,1,0,1,1,1,0,0,1,0,1,1,1,0,1,1,0,1,0,1,0,1,1,0,0,0,0,0,0,0,1,0,0,1,0,0,1,1,0,0,1,1
282,1,0,0,0,0,1,0,1,1,0,1,1,0,0,1,0,1,0,1,1,0,1,1,0,1,0,0,0,1,0,0,0,0,0,1,1,0,1,1,0,1,1,1,0,1,1,0,1,1
254,1,1,0,0,0,0,1,0,1,1,1,1,0,0,0,0,1,1,0,1,1,1,1,1,1,1,0,1,1,0,1,0,1,1,1,1,0,1,1,0,1,1,1,0,1,1,0,0,0
371,1,1,0,0,0,1,0,0,1,0,0,0,0,0,0,0,0,0,1,0,0,1,0,1,1,0,0,0,1,1,0,1,0,0,0,0,1,0,1,1,1,0,0,0,0,0,0,1,1
4,0,0,1,0,0,1,1,0,1,0,0,1,0,1,1,0,1,0,1,1,0,1,1,0,0,0,0,0,1,1,0,1,0,0,1,1,1,1,1,1,1,1,1,0,0,1,0,1,1
256,1,1,0,0,0,0,1,1,1,1,1,1,0,0,0,0,1,1,1,1,1,1,1,1,1,1,0,1,1,0,1,0,1,1,1,1,0,1,1,0,1,1,1,0,1,1,0,0,0
402,0,1,1,0,0,0,1,1,1,1,1,1,0,0,0,0,1,1,1,1,1,1,1,1,1,1,0,1,1,1,1,0,1,1,1,1,1,1,1,1,1,1,1,0,1,1,0,0,0
100,1,1,0,0,0,0,1,0,1,0,0,1,0,0,1,0,1,1,1,1,1,1,1,0,1,0,0,0,1,0,1,0,1,0,1,1,0,1,1,0,1,1,1,0,0,1,0,1,1
226,1,1,0,0,0,0,0,1,0,1,1,1,1,0,0,1,0,1,1,1,0,1,1,0,1,0,1,0,1,1,0,0,0,0,1,1,0,1,1,0,1,0,0,1,1,0,0,1,1
382,1,0,1,0,0,1,0,0,1,0,0,0,0,1,1,0,1,1,0,0,0,0,0,0,0,0,0,0,1,0,1,0,0,0,0,0,0,1,1,0,0,1,1,0,0,1,0,1,1
213,0,1,1,0,0,0,1,0,1,0,0,1,0,0,0,0,1,1,1,0,0,1,0,1,1,1,0,1,1,1,0,0,1,1,1,1,0,0,1,0,1,1,1,0,1,1,0,0,0
171,0,1,0,0,0,0,1,0,0,1,0,1,0,0,1,0,1,1,1,0,0,1,0,1,1,1,0,0,1,0,0,0,1,1,1,1,0,0,1,0,1,1,0,0,1,1,1,0,0
98,0,1,0,0,0,0,1,0,1,0,0,1,1,0,0,0,0,1,1,1,1,1,0,1,1,0,1,0,1,1,1,1,1,1,1,0,1,1,1,1,1,0,0,0,0,0,0,1,1
292,0,1,0,0,0,0,1,0,1,0,0,1,0,0,0,0,0,1,1,0,0,1,0,0,1,0,0,0,1,1,0,1,1,1,1,1,1,0,1,1,1,0,0,0,1,0,0,0,0
215,1,0,1,0,0,0,0,1,0,1,1,1,0,0,0,0,0,0,1,1,0,1,1,0,1,0,0,1,1,1,0,1,0,0,0,0,1,1,0,0,1,1,1,0,1,0,0,1,1
61,0,0,1,0,1,1,0,0,1,0,0,0,0,0,1,0,1,0,0,0,0,0,0,0,0,0,0,1,0,1,0,1,0,0,0,0,1,0,0,0,0,1,1,0,0,1,0,1,1
47,0,0,1,0,0,0,1,0,1,0,0,1,0,1,1,0,1,0,1,1,0,1,1,0,0,0,0,0,1,1,0,1,0,0,1,1,1,1,1,1,1,1,1,0,0,1,0,1,1
32,1,0,1,0,0,0,0,0,1,0,0,0,0,0,0,0,1,0,0,0,0,0,0,0,0,0,0,1,0,1,0,1,0,0,0,0,1,0,0,1,0,1,1,0,0,1,0,1,1
267,0,1,0,0,0,0,1,0,1,1,1,1,0,0,0,0,0,1,0,1,1,1,1,1,1,1,0,0,1,1,1,1,1,1,1,1,1,1,1,1,1,0,0,0,1,0,0,0,0
327,0,0,0,0,0,0,0,1,1,0,1,1,0,0,1,0,1,1,1,1,1,1,1,0,1,0,0,0,1,0,1,0,1,0,1,1,0,1,1,0,1,1,1,0,1,1,0,1,1
200,0,0,0,0,0,0,0,1,1,0,1,1,0,0,0,0,0,0,1,1,0,1,1,0,1,0,0,0,1,1,0,1,0,0,1,1,1,1,1,1,1,0,0,0,1,0,0,0,0
400,0,1,0,0,0,0,1,0,1,1,1,1,0,0,0,0,0,1,0,1,1,0,1,0,1,0,0,0,1,1,1,1,1,1,1,1,1,1,1,1,1,0,0,0,1,0,0,0,0
27,0,0,0,0,0,1,0,0,1,0,0,0,0,0,1,0,1,0,0,0,0,0,0,0,0,0,0,0,0,0,0,0,0,0,0,0,0,0,0,0,0,1,1,0,0,1,0,1,1
384,0,0,1,0,0,1,0,0,1,0,0,0,0,1,1,0,1,1,0,0,0,0,0,0,0,0,0,0,1,0,1,0,0,0,0,0,0,1,1,0,0,1,1,0,0,1,0,0,1
230,0,0,0,0,0,1,0,1,1,0,1,1,0,0,0,0,0,0,1,1,0,1,1,0,1,0,0,0,1,1,0,1,0,0,1,1,0,1,1,1,1,0,0,0,1,0,0,1,1
260,0,1,0,0,0,0,0,1,1,0,1,1,0,0,1,0,1,1,1,1,1,1,0,0,1,0,0,0,1,0,1,0,1,1,1,1,0,1,1,0,1,1,1,0,1,1,0,1,1
288,0,1,0,0,0,0,1,0,1,0,0,1,1,0,1,0,1,0,1,0,0,1,0,1,1,0,1,0,1,0,0,0,0,1,1,1,0,1,1,0,1,1,1,1,1,1,0,1,1
162,0,0,0,1,0,0,0,1,1,0,1,1,0,0,0,0,0,0,1,1,0,1,1,0,1,0,0,0,1,1,0,1,0,0,0,1,0,1,0,1,1,0,0,0,1,0,0,1,1
380,0,1,0,0,0,0,1,0,1,1,1,1,0,1,1,0,0,1,0,1,1,1,1,1,1,1,0,0,1,0,1,0,1,1,1,1,0,1,1,0,1,0,0,0,1,0,0,0,0
138,0,1,1,0,0,0,0,1,1,0,1,1,0,0,0,0,1,0,1,1,0,1,1,0,1,1,0,1,1,1,0,0,0,0,1,1,0,1,1,0,1,1,1,0,1,1,0,0,0
62,1,0,1,0,0,1,0,0,1,0,0,0,0,0,1,1,1,1,1,0,0,1,0,0,1,1,0,0,0,1,0,0,0,0,0,0,0,0,0,0,1,1,1,0,0,1,0,0,1
135,1,1,0,0,0,0,0,1,1,0,1,1,1,0,0,1,0,1,1,1,0,1,1,0,1,0,1,0,1,1,0,0,0,0,1,1,1,1,1,0,1,0,0,1,1,0,0,1,1
128,0,0,1,1,0,0,0,1,0,1,1,1,0,0,0,0,0,0,1,1,0,1,1,0,1,0,0,0,1,1,0,1,0,0,0,0,1,1,0,0,1,0,0,0,1,0,0,1,1
8,1,0,1,0,0,1,0,0,1,0,0,0,0,0,0,0,1,0,0,0,0,0,0,0,0,0,0,1,0,1,0,1,0,0,0,0,1,0,0,1,0,1,0,0,0,0,0,0,1
326,1,1,0,0,0,0,1,0,1,1,1,1,0,0,1,0,1,1,0,1,1,1,1,1,1,1,0,0,1,0,1,0,1,1,1,1,0,1,1,0,1,1,1,0,1,1,0,0,0
415,0,1,0,0,0,0,0,1,1,0,1,1,0,0,1,0,1,0,1,1,0,1,0,1,1,0,0,0,1,0,0,0,0,0,0,0,0,1,0,0,1,1,1,0,0,1,0,1,1
64,1,0,0,0,0,1,0,0,1,0,0,0,1,0,1,1,1,1,1,0,0,1,0,0,0,0,0,0,0,0,0,0,0,0,0,0,0,0,0,0,1,1,1,1,0,1,0,1,1
300,0,1,0,0,0,1,1,0,1,0,0,1,1,0,0,0,0,1,1,1,1,1,0,1,1,0,1,0,1,1,1,1,1,1,1,0,1,1,1,1,1,0,0,0,0,0,0,1,1
14,0,0,1,0,0,1,0,0,1,0,0,0,0,1,1,0,0,1,0,0,0,0,0,0,0,0,0,0,1,1,1,1,0,0,0,0,1,1,1,1,0,0,0,0,0,0,0,1,1
156,0,0,1,0,0,0,0,1,1,0,1,1,0,0,0,0,0,0,1,1,0,1,1,0,1,0,0,0,1,1,0,1,0,0,1,1,1,1,1,0,1,0,0,0,1,0,0,0,0
40,0,0,1,0,0,1,0,0,1,0,0,0,0,1,1,0,1,0,1,0,0,1,0,0,0,0,0,0,1,0,0,0,0,0,0,0,0,0,1,0,0,1,1,0,0,1,0,0,1
411,1,0,1,0,0,1,0,0,1,0,0,0,0,0,0,0,0,0,0,0,0,0,0,0,0,0,0,0,0,1,0,1,0,0,0,0,1,0,0,1,0,0,0,0,0,0,0,1,1
362,0,1,1,1,0,0,0,1,0,1,1,1,0,0,1,0,0,0,1,1,0,1,1,0,1,1,0,0,1,1,0,0,0,0,0,1,1,1,0,1,1,0,0,0,1,0,0,1,1
216,0,0,1,0,0,0,0,1,1,0,1,1,0,0,1,0,0,0,1,1,0,1,1,0,1,0,0,0,1,1,0,1,0,0,1,1,1,1,1,1,1,1,1,0,1,0,0,0,0
279,1,1,1,0,0,0,0,1,0,1,1,1,0,1,1,0,1,1,1,1,0,1,1,0,1,0,0,0,1,0,1,0,0,0,1,1,0,1,1,0,1,1,0,0,1,1,1,1,1
388,1,1,0,0,0,0,0,0,1,0,0,0,0,0,1,0,1,1,0,0,0,1,0,0,1,0,0,0,1,0,1,0,0,0,0,0,0,1,1,0,0,1,1,0,0,1,0,1,1
337,0,1,0,0,0,0,1,0,1,0,0,1,1,0,1,0,1,1,1,1,1,1,0,1,1,0,1,0,1,0,1,0,1,1,1,0,0,1,1,0,1,1,1,0,0,1,0,1,1
236,0,0,1,0,0,1,0,0,1,0,0,0,0,0,0,0,1,0,0,0,0,0,0,0,0,0,0,1,0,1,0,1,0,0,0,1,0,0,0,1,0,1,0,0,0,0,0,0,1
207,0,0,0,1,1,0,0,1,1,0,1,1,0,0,0,0,0,0,1,1,0,1,1,0,1,0,0,0,1,1,0,1,0,0,0,0,1,1,0,1,1,0,0,0,1,0,0,1,1
212,1,0,0,1,0,0,0,1,0,1,1,1,0,0,1,0,0,0,1,1,0,1,1,0,1,0,0,0,1,0,0,0,0,0,0,0,0,1,0,0,1,1,0,0,1,1,1,1,1
295,1,0,0,0,0,1,0,1,1,0,1,1,0,0,1,0,1,0,1,1,0,1,1,0,1,0,0,0,1,0,0,0,0,0,1,1,0,1,1,0,1,1,1,0,1,1,0,1,1
409,1,0,1,0,0,1,0,0,1,0,0,0,0,0,1,0,1,0,0,0,0,0,0,0,0,0,0,0,0,0,0,0,0,0,0,0,0,0,0,0,0,1,1,0,0,1,0,1,1
251,0,0,0,0,0,0,0,1,1,0,1,1,0,0,0,0,0,0,1,1,0,1,1,0,1,0,0,0,1,1,0,1,0,0,1,1,1,1,1,1,1,0,0,0,1,0,0,1,1
437,1,0,1,0,0,1,0,0,1,0,0,0,0,0,0,0,0,0,0,0,0,0,0,0,0,0,0,1,0,1,0,1,0,0,0,0,1,0,0,1,0,1,0,0,0,0,0,1,1
410,0,0,1,0,1,1,0,0,1,0,0,0,0,0,1,0,1,0,0,0,0,0,0,0,0,0,0,1,0,1,0,1,0,0,0,0,1,0,0,0,0,1,1,0,0,1,0,1,1
303,1,1,1,0,0,1,0,0,1,0,0,0,1,0,0,0,1,1,1,0,0,1,0,1,1,0,1,1,1,1,1,1,0,0,0,0,0,1,1,0,1,1,1,0,1,1,0,1,1
350,0,1,0,0,0,0,1,0,1,0,0,1,0,0,1,0,1,1,0,0,0,1,0,1,0,0,0,0,1,0,0,0,1,0,1,0,0,0,0,0,1,1,1,0,0,1,0,0,0
269,0,1,1,0,0,1,0,0,1,0,0,0,1,1,1,0,1,1,0,0,0,0,0,0,0,0,0,0,1,0,1,0,0,0,0,0,0,1,1,0,0,1,1,0,0,1,0,0,1
201,0,0,0,0,0,0,0,1,1,0,1,1,0,0,0,0,0,0,1,1,0,1,1,0,1,0,0,0,1,1,0,1,0,0,1,1,1,1,1,1,1,0,0,0,1,0,0,1,1
161,1,0,1,1,0,0,0,1,0,1,1,1,0,0,1,0,1,0,1,1,0,1,1,0,1,0,0,0,1,0,0,0,0,0,1,1,0,1,1,0,1,1,0,0,1,1,1,1,1
43,0,0,0,0,0,0,0,1,1,0,1,1,0,0,1,0,1,1,1,1,1,1,1,0,1,0,0,0,1,0,1,0,1,0,1,1,0,1,1,0,1,1,1,0,1,1,0,1,1
217,1,0,0,0,0,0,0,1,1,0,1,1,0,0,1,0,1,0,1,1,0,1,1,0,1,0,0,0,1,0,0,0,0,0,1,1,0,1,1,0,1,1,0,0,1,0,0,1,1
190,0,0,0,0,0,0,0,1,1,0,1,1,0,0,0,0,0,0,1,1,0,1,1,0,1,0,0,0,1,1,0,1,0,0,1,1,0,1,1,1,1,0,0,0,1,0,0,0,0
309,0,0,0,0,0,1,0,0,1,0,0,0,0,0,0,0,0,0,0,0,0,0,0,0,0,0,0,0,0,1,0,1,0,0,0,0,1,0,0,0,0,0,0,0,0,0,0,0,1
259,1,1,0,0,0,1,1,0,1,1,1,1,1,0,1,0,1,1,1,1,1,1,1,1,1,0,1,0,1,0,1,0,1,1,1,1,0,1,1,0,1,1,1,0,1,1,0,1,1
105,0,1,0,0,0,0,1,0,1,0,0,1,0,0,1,0,1,1,1,0,0,1,0,0,1,0,0,0,1,0,0,0,1,1,1,1,0,0,1,0,1,1,1,0,1,1,0,0,0
53,1,1,1,0,0,0,1,0,1,0,0,1,1,0,0,0,1,1,1,1,1,1,0,1,1,0,1,1,1,1,1,0,1,1,1,0,0,1,1,0,1,1,1,0,0,1,0,1,1
1,0,0,1,0,0,1,1,0,1,0,0,1,0,1,1,0,1,1,0,1,1,0,1,0,0,0,0,0,1,1,1,0,1,0,1,1,1,1,1,1,1,1,1,0,0,1,0,1,1
432,0,0,1,0,0,1,0,0,1,0,0,0,0,1,1,0,0,0,1,0,0,1,0,0,0,0,0,0,1,1,0,1,0,0,0,0,1,1,1,1,0,0,0,0,0,0,0,1,1
49,1,1,1,0,0,1,0,0,1,0,0,0,1,0,0,0,1,1,1,0,0,1,0,1,1,0,1,1,1,1,1,1,0,0,0,0,0,1,1,0,1,1,1,0,1,1,0,1,1
80,0,0,0,0,0,0,0,1,1,0,1,1,0,0,1,0,1,0,1,1,0,1,1,0,1,0,0,0,1,0,0,0,0,0,1,1,0,1,1,0,1,1,1,0,1,1,0,1,1
205,0,0,0,1,0,0,0,1,1,0,1,1,0,0,0,0,0,0,1,1,0,1,1,0,1,0,0,0,1,1,0,1,0,0,0,1,0,1,0,1,1,0,0,0,1,0,0,1,1
34,1,0,0,0,1,1,0,0,1,0,0,0,1,0,1,1,1,1,1,0,0,1,0,0,1,0,1,0,0,0,0,0,0,0,0,0,0,0,0,0,1,1,1,1,0,1,0,1,1
263,1,0,1,0,0,1,0,0,1,0,0,0,0,0,0,0,0,0,0,0,0,0,0,0,0,0,0,1,0,1,0,1,0,0,0,0,1,0,0,1,0,1,0,0,0,0,0,1,1
366,1,1,0,0,0,1,0,0,1,0,0,0,0,0,0,0,0,0,1,0,0,1,0,1,1,0,0,0,1,1,0,1,0,0,0,0,1,0,1,1,1,0,0,0,0,0,0,1,1
91,1,0,0,0,0,1,0,1,1,0,1,1,0,0,1,0,1,0,1,1,0,1,1,0,1,0,0,0,1,0,0,0,0,0,1,1,0,1,1,0,1,1,1,0,1,1,0,1,1
339,0,1,0,0,0,0,1,0,1,0,0,1,0,0,0,0,0,1,0,0,0,1,0,1,1,0,0,0,1,1,0,1,1,0,1,0,1,0,0,1,1,0,0,0,0,0,0,0,0
423,0,0,1,0,0,0,0,0,1,0,0,0,0,0,1,0,1,0,0,0,0,0,0,0,0,0,0,0,0,1,0,1,0,0,0,0,1,0,0,1,0,1,1,0,0,1,0,1,1
52,1,1,0,0,0,1,1,0,1,0,0,1,1,0,1,0,1,1,1,1,1,1,0,1,1,0,1,0,1,0,1,0,1,1,1,0,0,1,1,0,1,1,1,1,1,1,0,1,1
345,0,0,0,0,0,0,0,1,1,0,1,1,0,0,1,0,1,0,1,1,0,1,1,0,1,0,0,0,1,0,0,0,0,0,1,1,0,1,1,0,1,1,1,0,1,1,0,0,0
264,0,1,0,0,0,0,0,1,1,0,1,1,0,0,1,0,1,0,1,1,0,1,0,1,1,0,0,0,1,0,0,0,0,0,0,0,0,1,0,0,1,1,1,0,0,1,0,1,1
241,1,0,0,0,1,0,0,1,0,1,1,1,0,0,1,0,1,0,1,1,0,1,1,0,1,0,0,0,1,0,0,0,0,0,1,1,0,1,1,0,1,1,0,0,1,1,1,1,1
13,0,0,1,0,0,0,0,0,1,0,0,0,0,1,1,0,0,1,0,0,0,0,0,0,0,0,0,0,1,1,1,1,0,0,0,0,1,1,1,1,0,0,0,0,0,0,0,1,1
315,0,1,0,0,0,0,1,0,1,0,0,1,1,0,1,0,1,1,1,1,1,1,1,0,0,0,0,0,1,0,1,0,1,0,1,1,0,1,1,0,1,1,1,1,0,1,0,1,1
88,0,0,0,0,0,0,0,1,1,0,1,1,0,0,0,0,0,0,1,1,0,1,1,0,1,0,0,0,1,0,0,0,0,0,1,1,0,1,1,0,1,0,0,0,1,0,0,1,1
387,1,0,1,0,0,1,0,0,1,0,0,0,0,1,1,0,0,1,0,0,0,0,0,0,0,0,0,0,1,1,1,1,0,0,0,0,1,1,1,1,0,0,0,0,0,0,0,1,1
273,1,0,0,0,0,0,0,1,1,0,1,1,0,0,1,0,1,1,1,1,1,1,1,0,1,0,0,0,1,0,1,0,1,0,1,1,0,1,1,0,1,1,1,0,1,1,0,1,1
166,1,0,0,0,0,0,0,1,0,1,1,1,0,0,1,0,1,0,1,1,0,1,1,0,1,0,0,0,1,0,0,0,0,0,1,1,0,1,1,0,1,1,0,0,1,1,1,1,1
328,1,1,0,0,0,0,0,1,1,0,1,1,0,0,0,0,0,1,1,1,0,1,1,0,1,1,0,0,1,1,0,1,1,0,1,1,1,1,1,1,1,0,0,0,1,0,0,1,1
440,0,0,1,0,1,1,0,0,1,0,0,0,0,0,1,0,1,0,0,0,0,0,0,0,0,0,0,1,0,1,0,1,0,0,0,0,1,0,0,0,0,1,1,0,0,1,0,1,1
134,0,0,0,0,1,0,0,1,1,0,1,1,0,0,0,0,0,0,1,1,0,1,1,0,1,0,0,0,1,1,0,1,0,0,1,1,1,1,1,1,1,0,0,0,1,0,0,1,1
306,0,1,0,0,0,0,1,0,1,0,0,1,0,0,0,0,0,1,1,0,0,1,0,0,1,0,0,0,1,1,0,1,1,1,1,1,1,0,1,1,1,0,0,0,1,0,0,0,0
430,1,0,1,0,0,1,0,0,1,0,0,0,0,0,0,0,0,0,0,0,0,0,0,0,0,0,0,1,0,1,0,1,0,0,0,0,1,0,0,1,0,1,0,0,0,0,0,1,1
319,0,1,0,0,0,0,1,0,1,0,0,1,0,0,1,0,1,1,1,0,0,1,0,0,1,0,0,0,1,0,0,0,1,1,1,1,0,0,1,0,1,1,1,0,1,1,0,0,0
243,1,1,1,0,0,0,0,1,0,1,1,1,0,1,1,0,1,1,1,1,0,1,1,0,1,0,0,0,1,0,1,0,0,0,1,1,0,1,1,0,1,1,0,0,1,1,1,1,1
54,0,0,1,0,0,1,0,0,1,0,0,0,0,1,1,0,1,0,1,0,0,1,0,0,0,0,0,0,1,0,0,0,0,0,0,0,0,0,1,0,0,1,1,0,0,1,0,0,1
363,0,1,1,0,0,0,1,0,1,1,1,1,0,0,0,0,1,1,1,1,1,1,1,1,1,1,0,1,1,1,1,0,1,1,1,1,0,1,1,0,1,1,1,0,1,1,0,0,0
50,0,1,0,0,0,0,1,0,1,0,0,1,1,0,1,0,1,1,1,1,1,1,0,1,1,0,1,0,1,0,1,0,1,1,1,0,0,1,1,0,1,1,1,0,0,1,0,1,1
174,0,1,0,0,0,0,1,0,1,0,0,1,0,0,0,0,0,1,1,0,0,1,0,1,1,1,0,0,1,1,0,1,1,1,1,1,1,0,1,1,1,0,0,0,1,0,0,0,0
189,0,0,0,0,0,0,0,1,0,1,1,1,0,0,1,0,1,0,1,1,0,1,1,0,1,0,0,0,1,0,0,0,0,0,1,1,0,1,1,0,1,1,0,0,1,1,1,0,0
444,1,0,1,0,0,1,0,0,1,0,0,0,0,0,0,0,0,0,0,0,0,0,0,0,0,0,0,0,0,1,0,1,0,0,0,0,1,0,0,1,0,0,0,0,0,0,0,1,1
187,0,0,0,0,0,0,0,1,0,1,1,1,0,0,0,0,0,0,1,1,0,1,1,0,1,0,0,0,1,1,0,1,0,0,1,1,1,1,1,0,1,0,0,0,1,0,0,1,1
169,0,0,1,0,0,0,0,1,1,0,1,1,0,0,0,0,1,0,1,1,0,1,1,0,1,0,0,1,1,1,0,0,0,0,0,0,0,1,0,0,1,1,1,0,1,1,0,0,0
58,0,0,1,0,0,0,0,0,1,0,0,0,0,1,1,0,1,1,0,0,0,0,0,0,0,0,0,0,1,0,1,0,0,0,0,0,0,1,1,0,0,1,1,0,0,1,0,1,1
48,0,1,0,0,0,0,1,0,1,0,0,1,1,0,1,0,1,0,1,0,0,1,0,1,1,0,1,0,1,0,0,0,0,1,1,1,0,1,1,0,1,1,1,1,1,1,0,1,1
344,1,1,1,0,0,0,1,0,1,0,0,1,1,0,0,0,1,1,1,1,1,1,0,1,1,0,1,1,1,1,1,0,1,1,1,0,0,1,1,0,1,1,1,0,0,1,0,1,1
235,1,0,1,0,0,1,1,0,1,0,0,1,0,0,1,0,1,1,0,1,1,0,0,0,1,0,0,1,1,1,1,0,1,0,1,0,1,1,1,0,1,1,1,0,1,1,0,1,1
252,0,0,0,1,0,0,0,1,1,0,1,1,0,0,0,0,0,0,1,1,0,1,1,0,1,0,0,1,1,0,0,0,0,0,1,1,0,1,1,0,1,1,1,0,1,1,0,1,1
21,1,0,1,0,0,1,0,0,1,0,0,0,0,0,0,0,0,0,0,0,0,0,0,0,0,0,0,0,0,1,0,1,0,0,0,0,1,0,0,1,0,0,0,0,0,0,0,1,1
313,1,1,0,0,0,0,1,0,1,1,1,1,0,0,1,0,1,1,0,1,1,1,1,1,1,1,0,0,1,0,1,0,1,1,1,1,0,1,1,0,1,1,1,0,1,1,0,0,0
160,0,1,0,0,0,0,1,0,0,1,0,1,0,0,0,0,0,1,1,0,0,1,0,1,1,1,0,0,1,1,0,1,1,1,1,1,1,0,1,0,1,0,0,0,1,0,0,0,0
276,0,1,0,0,0,0,1,0,1,0,0,1,0,0,1,0,1,1,0,0,0,1,0,1,0,0,0,0,1,0,0,0,1,0,1,0,0,0,0,0,1,1,1,0,0,1,0,0,0
191,0,1,0,0,0,0,1,0,0,1,0,1,0,0,1,0,1,1,1,0,0,1,0,0,1,0,0,0,1,0,0,0,1,1,1,1,0,0,1,0,1,1,0,0,1,1,1,0,0
385,0,1,1,1,0,0,0,1,0,1,1,1,0,0,1,0,0,0,1,1,0,1,1,0,1,1,0,0,1,1,0,0,0,0,0,1,1,1,0,1,1,0,0,0,1,0,0,1,1
293,0,1,0,0,0,0,1,0,1,0,0,1,0,0,1,0,1,1,0,0,0,1,0,1,1,0,0,0,1,0,0,0,1,0,1,0,0,0,0,0,1,1,1,0,0,1,0,0,0
413,0,0,0,0,0,0,0,1,1,0,1,1,0,0,0,0,0,0,1,1,0,1,1,0,1,0,0,0,1,1,0,1,0,0,1,1,1,1,1,1,1,0,0,0,1,0,0,0,0
343,1,1,0,0,0,0,0,1,0,1,1,1,1,0,0,1,0,1,1,1,0,1,1,0,1,0,1,0,1,1,0,0,0,0,1,1,1,1,1,0,1,0,0,1,1,0,0,1,1
257,0,1,0,0,0,0,1,0,0,1,1,1,0,0,1,0,0,1,0,1,1,1,1,1,1,1,0,0,1,0,1,0,1,1,1,1,0,1,1,0,1,1,1,0,1,1,1,0,0
308,1,1,0,0,0,1,1,0,1,0,0,1,0,0,1,1,1,1,1,0,0,1,0,1,1,1,0,0,1,0,0,0,0,1,1,1,0,0,1,0,1,1,1,0,1,1,0,0,1
149,1,1,0,0,0,0,1,0,0,1,0,1,0,0,1,0,1,1,1,0,0,1,0,1,1,1,0,0,1,0,0,0,1,1,1,1,0,0,1,0,1,1,0,0,1,1,1,0,0
130,0,0,0,0,0,0,0,1,0,1,1,1,0,0,0,0,0,0,1,1,0,1,1,0,1,0,0,0,1,1,0,1,0,0,1,1,1,1,1,0,1,0,0,0,1,0,0,0,0
151,0,1,0,0,1,0,1,0,1,0,0,1,1,0,0,1,0,1,1,0,0,1,0,1,1,1,1,0,1,1,0,0,1,1,1,1,1,0,1,0,1,0,0,1,1,0,0,0,0
359,1,0,1,0,1,1,0,0,1,0,0,0,0,0,1,0,1,0,0,0,0,0,0,0,0,0,0,1,0,0,0,0,0,0,0,0,0,0,0,0,0,1,1,0,0,1,0,1,1
99,1,1,0,0,0,0,1,0,1,0,0,1,0,0,1,0,1,1,1,1,1,1,1,0,1,0,0,0,1,0,1,0,1,0,1,1,0,1,1,0,1,1,1,0,0,1,0,1,1
372,1,0,0,0,0,0,0,0,1,1,1,1,0,0,1,0,1,0,0,1,0,0,1,0,0,0,0,0,0,0,0,0,0,0,0,1,0,0,0,0,0,1,1,0,0,1,0,1,1
87,0,1,0,0,0,0,1,0,1,0,0,1,0,0,1,0,1,1,0,0,0,1,0,1,1,0,0,0,1,0,0,0,1,0,1,0,0,0,0,0,1,1,1,0,0,1,0,0,0
330,1,0,1,0,0,0,0,1,1,0,1,1,0,0,0,0,1,0,1,1,0,1,1,0,1,0,0,1,1,1,0,0,0,0,1,1,0,1,1,0,1,1,1,0,1,1,0,1,1
214,0,0,0,0,0,0,0,1,1,0,1,1,0,0,0,0,0,0,1,1,0,1,1,0,1,0,0,0,1,1,0,1,0,0,1,1,1,1,1,1,1,0,0,0,1,0,0,0,0
121,0,0,0,0,1,0,0,1,1,0,1,1,0,0,0,0,0,0,1,1,0,1,1,0,1,0,0,0,1,1,0,1,0,0,1,1,1,1,1,1,1,0,0,0,1,0,0,0,0
447,1,0,1,0,0,1,1,0,1,0,0,1,0,0,1,0,1,1,0,1,1,0,0,0,1,0,0,1,1,1,1,0,1,0,1,0,1,1,1,0,1,1,1,0,1,1,0,1,1
20,1,0,1,0,0,1,0,0,1,0,0,0,0,0,1,0,1,0,0,0,0,0,0,0,0,0,0,0,0,0,0,0,0,0,0,0,0,0,0,0,0,1,1,0,0,1,0,1,1
188,0,1,0,0,0,0,0,1,1,0,1,1,1,0,0,1,0,1,1,1,0,1,1,0,1,0,1,0,1,1,0,0,0,0,1,1,1,1,1,0,1,0,0,1,1,0,0,1,1
71,0,0,0,0,1,0,0,0,1,0,0,0,1,0,1,1,1,1,1,0,0,1,0,0,1,0,1,0,0,0,0,0,0,0,0,0,0,0,0,0,1,1,1,1,0,1,0,1,1
106,0,1,0,0,0,0,1,0,1,0,0,1,0,0,0,0,0,1,0,0,0,1,0,1,1,0,0,0,1,1,0,1,1,0,1,0,1,0,0,1,1,0,0,0,0,0,0,0,0
270,0,1,0,0,0,0,1,0,1,0,0,1,0,0,1,0,1,1,1,0,0,1,0,0,1,0,0,0,1,0,0,0,1,1,1,1,0,0,1,0,1,1,1,0,1,1,0,0,0
348,1,0,1,0,1,1,0,0,1,0,0,0,1,0,1,1,1,1,1,0,0,1,0,0,1,0,1,0,0,0,0,0,0,0,0,0,0,0,0,0,1,1,1,1,0,1,0,1,1
435,0,0,0,0,1,0,0,1,1,0,1,1,0,0,0,0,0,0,1,1,0,1,1,0,1,0,0,0,1,1,0,1,0,0,1,1,1,1,1,1,1,0,0,0,1,0,0,1,1
102,0,0,0,0,0,1,0,0,1,0,0,0,0,0,0,0,0,0,0,0,0,0,0,0,0,0,0,0,0,1,0,1,0,0,0,0,1,0,0,1,0,0,0,0,0,0,0,0,1
